critic_rating,gameQualities,total_earnings,unit_price
B,action;portable;sequel;,132717,59.99
A-,sequel;sports;,83407,49.99
B-,sequel;sports;,62423,49.99
A-,action;suitableKids;,69889,39.99
B+,action;portable;sequel;suitableKids;,161382,59.99
B+,rolePlayingsequel;,69150,39.99
C,action;sequel;,62027,49.99
A-,portable;rolePlayingsequel;suitableKids;,152830,59.99
B,portable;sports;,47930,39.99
C+,action;sequel;,87263,59.99
A-,action;portable;sequel;,160590,59.99
B,rolePlaying,67150,59.99
B,rolePlayingsequel;,79844,49.99
B+,rolePlaying,75544,59.99
B,rolePlayingsequel;,96132,59.99
B+,rolePlayingsequel;suitableKids;,115771,59.99
B,action;sequel;,93173,49.99
B-,action;sequel;suitableKids;,110544,59.99
C+,action;exclusiveUS;sequel;,125506,49.99
A,action;sequel;,147129,59.99
B+,sequel;sports;,92173,59.99
A-,sports;suitableKids;,65986,49.99
C+,exclusiveUS;rolePlayingsequel;suitableKids;,140002,59.99
B+,action;sequel;suitableKids;,111517,49.99
A-,action;sequel;suitableKids;,98605,39.99
A-,sequel;sports;suitableKids;,109594,59.99
C,rolePlayingsequel;suitableKids;,48352,39.99
B,action;portable;sequel;,111253,49.99
B,rolePlayingsequel;suitableKids;,104209,59.99
C,action;portable;suitableKids;,59652,49.99
B,action;exclusiveUS;sequel;,157180,49.99
A-,sequel;sports;suitableKids;,109436,59.99
A-,action;,79316,49.99
B,sequel;sports;,83621,59.99
B-,action;sequel;,98666,59.99
B-,exclusiveUS;rolePlayingsequel;,144278,59.99
B+,rolePlayingsequel;,105318,59.99
B,action;exclusiveUS;sequel;,187989,59.99
B,action;sequel;,112128,59.99
C,portable;rolePlayingsequel;,79345,59.99
B+,rolePlayingsequel;,87762,49.99
C,portable;sports;suitableKids;,35050,39.99
B+,sequel;sports;suitableKids;,100250,59.99
A,sequel;sports;,109119,59.99
C,action;exclusiveUS;portable;sequel;,155047,59.99
B+,action;suitableKids;,64611,39.99
A-,action;exclusiveUS;sequel;,150336,39.99
B,exclusiveUS;portable;sequel;sports;,168351,59.99
C+,action;sequel;suitableKids;,96449,59.99
B+,rolePlaying,75385,59.99
B+,rolePlayingsequel;,104684,59.99
B+,rolePlayingsequel;,69467,39.99
A-,action;exclusiveUS;sequel;,230275,59.99
A-,sequel;sports;,99933,59.99
A-,action;,96766,59.99
B+,portable;rolePlayingsequel;,124481,59.99
B+,rolePlaying,74593,59.99
B+,action;portable;sequel;,98289,39.99
A-,action;portable;sequel;suitableKids;,118875,39.99
C+,portable;rolePlayingsequel;,90431,59.99
B-,rolePlayingsequel;,56481,39.99
C+,action;,41384,39.99
A-,exclusiveUS;sports;,80552,39.99
C,sequel;sports;suitableKids;,63507,59.99
C+,action;portable;,74593,59.99
B-,portable;rolePlayingsequel;,68939,39.99
A-,action;exclusiveUS;portable;sequel;,181692,39.99
B-,action;sequel;suitableKids;,110228,59.99
B+,action;sequel;,122897,59.99
B,action;exclusiveUS;portable;sequel;,224415,59.99
C+,exclusiveUS;portable;rolePlayingsequel;,151563,59.99
C+,action;exclusiveUS;suitableKids;,117038,59.99
A-,exclusiveUS;portable;sequel;sports;,203351,59.99
B-,action;,59124,49.99
B+,action;,88214,59.99
B+,action;sequel;suitableKids;,136201,59.99
A,exclusiveUS;rolePlayingsequel;suitableKids;,156143,39.99
A-,action;portable;sequel;,159165,59.99
B-,rolePlayingsuitableKids;,66358,59.99
C,action;suitableKids;,38956,39.99
B,action;,79028,59.99
A-,exclusiveUS;sports;,120839,59.99
B+,action;sequel;,81713,39.99
B-,rolePlayingsequel;,71265,49.99
A-,portable;sports;suitableKids;,63660,39.99
A-,sports;suitableKids;,78078,59.99
C,action;sequel;,75069,59.99
B,action;exclusiveUS;sequel;,188622,59.99
A,action;sequel;,146495,59.99
B+,exclusiveUS;sequel;sports;,129862,49.99
B+,rolePlayingsequel;,105793,59.99
B-,exclusiveUS;rolePlayingsequel;suitableKids;,160115,59.99
C,rolePlayingsequel;,65566,59.99
B,rolePlayingsequel;suitableKids;,87894,49.99
A,rolePlaying,73905,49.99
B-,portable;sequel;sports;,88530,59.99
B,rolePlayingsequel;,63660,39.99
B+,exclusiveUS;portable;rolePlayingsequel;,214912,59.99
B,rolePlayingsequel;suitableKids;,103101,59.99
B+,action;,72189,49.99
B,action;portable;sequel;,134617,59.99
B,action;sequel;,110544,59.99
B,portable;rolePlayingsequel;suitableKids;,83403,39.99
C,action;sequel;,51097,39.99
B+,exclusiveUS;rolePlayingsuitableKids;,140002,59.99
B+,rolePlayingsequel;,86442,49.99
B,sports;suitableKids;,65249,59.99
B+,action;sequel;,121947,59.99
B,exclusiveUS;sports;suitableKids;,110544,59.99
B,action;sequel;,92909,49.99
B+,action;portable;,70206,39.99
B+,rolePlayingsequel;suitableKids;,96076,49.99
C,rolePlaying,31355,39.99
B-,action;sequel;,83275,49.99
B,action;portable;sequel;,131608,59.99
B+,action;,87263,59.99
C+,action;sequel;,72189,49.99
B,rolePlayingsequel;,95024,59.99
B+,action;sequel;,82136,39.99
A-,rolePlayingsequel;suitableKids;,125590,59.99
C+,sports;,46403,59.99
C,action;,45002,49.99
A-,rolePlaying,81245,59.99
B+,portable;rolePlayingsequel;,125115,59.99
B+,action;sequel;suitableKids;,88892,39.99
B,rolePlayingsequel;,63344,39.99
A-,action;portable;,114979,59.99
A-,action;sequel;,112837,49.99
B,sequel;sports;,68890,49.99
C,action;sequel;,76019,59.99
C+,portable;sequel;sports;suitableKids;,87105,59.99
A-,action;exclusiveUS;sequel;,152131,39.99
B+,exclusiveUS;rolePlayingsequel;,178645,59.99
B,action;exclusiveUS;sequel;,125738,39.99
B,action;exclusiveUS;,88470,39.99
C+,action;sequel;suitableKids;,96766,59.99
B-,action;exclusiveUS;sequel;,167242,59.99
B,exclusiveUS;sports;,101042,59.99
B+,action;exclusiveUS;sequel;,139568,39.99
C,portable;rolePlaying,54638,59.99
B,portable;sequel;sports;suitableKids;,109752,59.99
B,exclusiveUS;portable;sports;,120205,59.99
C,rolePlayingsequel;,64299,59.99
B,rolePlaying,56352,49.99
B,rolePlayingsequel;,63555,39.99
A-,action;portable;sequel;,162491,59.99
B+,sports;,43285,39.99
B,exclusiveUS;sequel;sports;,116136,49.99
B+,rolePlayingsequel;,87102,49.99
A-,action;sequel;,89843,39.99
A-,exclusiveUS;portable;sports;,147287,59.99
B+,action;sequel;suitableKids;,135092,59.99
A,action;sequel;,121547,49.99
B-,rolePlayingsequel;,84729,59.99
C,sports;,41177,59.99
B,action;exclusiveUS;portable;sequel;,149597,39.99
A-,sequel;sports;,99933,59.99
C,portable;sports;suitableKids;,36211,39.99
C+,sports;suitableKids;,50837,59.99
B+,rolePlayingsequel;suitableKids;,96736,49.99
C+,rolePlayingsequel;,74752,59.99
B+,rolePlayingsequel;suitableKids;,114662,59.99
C+,sequel;sports;,66200,59.99
A-,rolePlayingsequel;,116087,59.99
B+,rolePlayingsequel;suitableKids;,116404,59.99
B,action;sequel;,74323,39.99
C,portable;rolePlayingsequel;,52470,39.99
B+,rolePlayingsequel;suitableKids;,116087,59.99
B-,action;sequel;,66194,39.99
B+,action;,72981,49.99
B+,action;portable;sequel;,145862,59.99
A,exclusiveUS;rolePlaying,150771,59.99
A,action;sequel;,146178,59.99
C+,portable;sequel;sports;,78870,59.99
B+,exclusiveUS;sports;,110386,59.99
A,action;exclusiveUS;,175636,59.99
B+,action;sequel;,100827,49.99
B,portable;sports;suitableKids;,51519,39.99
A-,rolePlayingsequel;,116087,59.99
A,exclusiveUS;rolePlayingsequel;,210320,59.99
B,action;portable;sequel;,133033,59.99
A,portable;rolePlayingsuitableKids;,78546,39.99
A-,sequel;sports;suitableKids;,111495,59.99
B+,exclusiveUS;sequel;sports;,156314,59.99
B+,action;exclusiveUS;,98394,39.99
B+,rolePlayingsequel;suitableKids;,114979,59.99
B+,action;exclusiveUS;portable;sequel;,167545,39.99
B+,rolePlaying,75069,59.99
C+,sequel;sports;,66675,59.99
C,action;exclusiveUS;portable;sequel;,154414,59.99
A-,action;exclusiveUS;sequel;suitableKids;,250388,59.99
C,sequel;sports;,57647,59.99
A-,action;exclusiveUS;sequel;suitableKids;,253239,59.99
C+,action;exclusiveUS;sequel;,149979,59.99
C+,rolePlayingsequel;,76177,59.99
B,exclusiveUS;portable;rolePlayingsequel;suitableKids;,210953,59.99
A-,action;exclusiveUS;,163758,59.99
A,rolePlayingsuitableKids;,97716,59.99
C,action;,54955,59.99
A,sequel;sports;,110228,59.99
C,sequel;sports;,46850,49.99
B+,sequel;sports;suitableKids;,100883,59.99
C,rolePlayingsequel;,64616,59.99
A-,action;portable;sequel;,161699,59.99
C+,rolePlayingsequel;suitableKids;,54687,39.99
A,exclusiveUS;rolePlayingsequel;,211587,59.99
B,action;sequel;,109277,59.99
B,action;portable;sequel;,134142,59.99
A-,portable;rolePlayingsequel;suitableKids;,101245,39.99
A-,action;exclusiveUS;,162966,59.99
C,action;exclusiveUS;sequel;suitableKids;,139210,59.99
B+,sequel;sports;suitableKids;,101359,59.99
C+,action;sequel;suitableKids;,78920,49.99
B+,rolePlayingsequel;,106110,59.99
A,action;,103259,59.99
B+,action;exclusiveUS;sequel;,210478,59.99
B+,action;portable;sequel;,147129,59.99
B+,action;sequel;,121947,59.99
C,action;portable;suitableKids;,58464,49.99
B+,exclusiveUS;portable;sports;,89948,39.99
B,rolePlayingsequel;,93915,59.99
B,action;portable;sequel;suitableKids;,98394,39.99
B,action;sequel;,110228,59.99
B+,action;portable;sequel;,123791,49.99
B+,rolePlayingsequel;,105793,59.99
B,rolePlayingsequel;,79580,49.99
B,action;sequel;suitableKids;,80658,39.99
B+,action;portable;,86442,49.99
B,action;sequel;,91589,49.99
B+,rolePlayingsequel;,69784,39.99
A-,exclusiveUS;rolePlayingsequel;suitableKids;,177636,49.99
A-,action;sequel;suitableKids;,146653,59.99
C+,action;,52261,49.99
B+,action;portable;sequel;,147445,59.99
A-,action;suitableKids;,104684,59.99
B-,action;sequel;,98983,59.99
C+,action;sequel;,57326,39.99
B+,exclusiveUS;rolePlayingsequel;suitableKids;,164967,49.99
B,action;exclusiveUS;,111253,49.99
A-,action;exclusiveUS;sequel;,150336,39.99
A-,action;exclusiveUS;sequel;,188326,49.99
B-,rolePlayingsequel;suitableKids;,93915,59.99
B+,rolePlayingsequel;,105318,59.99
B+,rolePlayingsequel;,106110,59.99
C,action;sequel;,76969,59.99
B-,exclusiveUS;portable;sequel;sports;,153780,59.99
B,action;,79028,59.99
B+,exclusiveUS;rolePlayingsequel;,178962,59.99
B,rolePlayingsequel;,95340,59.99
C,rolePlayingsequel;,65091,59.99
B+,action;portable;sequel;,147445,59.99
B+,sequel;sports;suitableKids;,84067,49.99
B+,action;sequel;,100827,49.99
B,portable;rolePlayingsequel;,112762,59.99
B+,portable;sequel;sports;suitableKids;,122264,59.99
B+,rolePlayingsuitableKids;,82987,59.99
B+,action;sequel;,123531,59.99
B+,action;sequel;,80658,39.99
A,action;exclusiveUS;,118559,39.99
B,action;exclusiveUS;sequel;,188622,59.99
B,action;sequel;,109911,59.99
B,action;suitableKids;,73377,49.99
A-,rolePlayingsequel;,76646,39.99
C,exclusiveUS;sequel;sports;,96924,59.99
A,sports;,77603,59.99
B+,action;,88214,59.99
B+,action;suitableKids;,95499,59.99
B-,rolePlayingsequel;,83938,59.99
B+,portable;rolePlayingsequel;,127332,59.99
B,action;exclusiveUS;portable;sequel;,228216,59.99
C,portable;sports;suitableKids;,44343,49.99
B+,action;sequel;,80869,39.99
B,action;exclusiveUS;portable;sequel;,150864,39.99
C,rolePlayingsuitableKids;,43155,49.99
B,portable;rolePlayingsequel;,112445,59.99
A-,rolePlaying,81404,59.99
A-,action;exclusiveUS;sequel;suitableKids;,248013,59.99
A-,rolePlayingsequel;suitableKids;,127332,59.99
B,sequel;sports;,84096,59.99
B-,action;sequel;,100250,59.99
B+,action;portable;sequel;,148554,59.99
B-,action;sequel;,82483,49.99
B,portable;sequel;sports;,99775,59.99
B,portable;rolePlayingsequel;suitableKids;,103335,49.99
B,action;exclusiveUS;portable;,159798,59.99
A,sequel;sports;suitableKids;,121314,59.99
A-,action;sequel;,134775,59.99
B,action;sequel;,110544,59.99
B,action;portable;,78128,49.99
B,action;portable;,93915,59.99
B+,sequel;sports;,61549,39.99
A-,rolePlayingsequel;suitableKids;,104655,49.99
A,sports;,64535,49.99
B+,action;exclusiveUS;sequel;suitableKids;,229800,59.99
B,action;portable;suitableKids;,105476,59.99
B,portable;rolePlaying,80612,59.99
B+,action;exclusiveUS;suitableKids;,164866,59.99
B+,rolePlayingsequel;,104684,59.99
B,rolePlayingsequel;,94232,59.99
B,action;exclusiveUS;sequel;,185930,59.99
C+,action;exclusiveUS;portable;sequel;,180070,59.99
B,action;sequel;suitableKids;,123373,59.99
C+,exclusiveUS;rolePlayingsequel;suitableKids;,118248,49.99
A,exclusiveUS;rolePlayingsequel;suitableKids;,233759,59.99
B+,sequel;sports;,90906,59.99
B,sequel;sports;,69814,49.99
B+,exclusiveUS;rolePlayingsequel;,149922,49.99
B,rolePlayingsequel;,95499,59.99
B,action;exclusiveUS;portable;sequel;,188062,49.99
A-,action;exclusiveUS;suitableKids;,178011,59.99
B+,action;portable;sequel;,145228,59.99
A,action;suitableKids;,94889,49.99
A-,action;sequel;,88787,39.99
B-,rolePlayingsequel;suitableKids;,92331,59.99
C,rolePlayingsequel;,54901,49.99
A,sports;,77444,59.99
B-,sports;,44343,49.99
A,sequel;sports;,73056,39.99
B,action;exclusiveUS;suitableKids;,146495,59.99
B+,exclusiveUS;portable;rolePlayingsequel;,143263,39.99
A-,action;exclusiveUS;portable;sequel;suitableKids;,301860,59.99
B,rolePlaying,44657,39.99
B,action;sequel;,111811,59.99
C,action;portable;sequel;suitableKids;,99141,59.99
B,portable;rolePlayingsequel;,114028,59.99
B,action;exclusiveUS;sequel;,189098,59.99
B+,action;sequel;,81080,39.99
C+,rolePlayingsequel;,62951,49.99
A,action;exclusiveUS;suitableKids;,129010,39.99
A-,action;sequel;,132558,59.99
B+,sports;,64774,59.99
A,rolePlaying,89481,59.99
A,rolePlaying,88847,59.99
B-,rolePlayingsequel;,85521,59.99
B+,action;exclusiveUS;portable;sequel;suitableKids;,277787,59.99
B,portable;rolePlayingsequel;,115295,59.99
A-,exclusiveUS;portable;sequel;sports;,207152,59.99
B+,exclusiveUS;rolePlaying,128124,59.99
B,exclusiveUS;portable;sequel;sports;suitableKids;,157312,49.99
A-,rolePlayingsuitableKids;,89956,59.99
B,sports;suitableKids;,64774,59.99
A-,exclusiveUS;rolePlayingsequel;,131544,39.99
B+,sequel;sports;,61127,39.99
C+,action;portable;sequel;suitableKids;,77385,39.99
B-,exclusiveUS;portable;rolePlayingsequel;,175794,59.99
B+,action;portable;sequel;,148237,59.99
A,portable;rolePlayingsequel;,124451,49.99
C,action;sequel;suitableKids;,84254,59.99
A-,portable;rolePlayingsequel;,136359,59.99
B,exclusiveUS;portable;sequel;sports;,171676,59.99
B-,action;exclusiveUS;,120522,59.99
B,rolePlayingsequel;,79448,49.99
B,portable;rolePlayingsequel;,95284,49.99
A-,action;exclusiveUS;sequel;suitableKids;,207198,49.99
B,rolePlayingsequel;,95816,59.99
C+,exclusiveUS;sequel;sports;,93437,49.99
B+,portable;rolePlayingsequel;,103995,49.99
B-,action;sequel;,99933,59.99
C,action;sequel;,50041,39.99
B,action;sequel;suitableKids;,121630,59.99
B+,action;sequel;,82347,39.99
A-,sports;suitableKids;,79661,59.99
B+,action;sequel;suitableKids;,135884,59.99
B,portable;rolePlayingsequel;,76012,39.99
B,portable;sequel;sports;,81955,49.99
B,action;sequel;,112128,59.99
B-,exclusiveUS;rolePlayingsuitableKids;,114028,59.99
A,action;sequel;,145862,59.99
A,action;sequel;suitableKids;,159323,59.99
B-,action;exclusiveUS;suitableKids;,89526,39.99
B,action;sequel;,110228,59.99
B+,action;exclusiveUS;sequel;,206202,59.99
C,exclusiveUS;portable;rolePlayingsequel;suitableKids;,120359,49.99
B-,sports;,35895,39.99
B+,action;portable;,86838,49.99
A-,exclusiveUS;sequel;sports;suitableKids;,189889,59.99
C+,rolePlayingsequel;,74752,59.99
B,action;sequel;,110861,59.99
C,portable;sequel;sports;,67783,59.99
A-,exclusiveUS;portable;rolePlayingsequel;,236768,59.99
B-,action;portable;sequel;,120680,59.99
B+,action;exclusiveUS;sequel;,174996,49.99
B-,rolePlayingsequel;,69946,49.99
B,action;portable;suitableKids;,68939,39.99
B,sequel;sports;,68890,49.99
B+,sequel;sports;,91223,59.99
B,action;exclusiveUS;sequel;,187039,59.99
C+,action;portable;sequel;,104843,59.99
B+,action;,87738,59.99
A-,action;sequel;,135092,59.99
B,rolePlayingsequel;,96132,59.99
A-,exclusiveUS;sports;,81080,39.99
B+,rolePlayingsequel;,104526,59.99
A,exclusiveUS;rolePlayingsequel;,211112,59.99
A-,action;portable;sequel;,107051,39.99
B+,sequel;sports;,60915,39.99
B,exclusiveUS;rolePlayingsequel;,108001,39.99
C+,sports;,31672,39.99
C,exclusiveUS;portable;rolePlayingsequel;,111253,49.99
C+,action;sequel;,74037,49.99
C+,portable;sports;suitableKids;,62082,59.99
C,action;exclusiveUS;sequel;,129232,59.99
B,sequel;sports;,68890,49.99
B,action;exclusiveUS;sequel;,185930,59.99
B,sports;,49754,49.99
A-,exclusiveUS;rolePlayingsequel;suitableKids;,212695,59.99
B-,rolePlaying,60815,59.99
C,portable;rolePlayingsequel;,76494,59.99
B+,sports;,43707,39.99
B,action;sequel;,93173,49.99
C,action;portable;suitableKids;,59256,49.99
A-,action;portable;sequel;suitableKids;,118348,39.99
A,action;exclusiveUS;suitableKids;,130172,39.99
B,portable;sequel;sports;,66722,39.99
A-,exclusiveUS;rolePlayingsequel;suitableKids;,144107,39.99
B+,action;,73509,49.99
A-,rolePlaying,81245,59.99
C+,sequel;sports;,66358,59.99
B+,action;sequel;suitableKids;,135884,59.99
B+,action;exclusiveUS;sequel;,205727,59.99
B,action;exclusiveUS;sequel;,190206,59.99
B,action;sequel;,73901,39.99
B+,rolePlayingsequel;,105318,59.99
B,action;sequel;,110544,59.99
A,exclusiveUS;portable;sequel;sports;,224573,59.99
A-,action;sequel;,135092,59.99
C,rolePlaying,46086,59.99
B,action;exclusiveUS;sequel;,187989,59.99
C,action;sequel;suitableKids;,55954,39.99
A-,rolePlayingsequel;,94889,49.99
B,sequel;sports;,54687,39.99
B+,portable;rolePlayingsequel;,125748,59.99
A,action;suitableKids;,114979,59.99
C+,action;exclusiveUS;portable;sequel;,148470,49.99
A-,action;sequel;suitableKids;,146653,59.99
B+,sequel;sports;,90748,59.99
A-,action;sequel;,132558,59.99
B+,action;sequel;,102411,49.99
B,action;exclusiveUS;sequel;,188622,59.99
B+,portable;sports;,78711,59.99
C,action;exclusiveUS;sequel;,107294,49.99
B,action;portable;sequel;,131608,59.99
C,action;exclusiveUS;sequel;,130816,59.99
B-,rolePlayingsequel;,83779,59.99
B,portable;rolePlayingsequel;suitableKids;,124481,59.99
B,exclusiveUS;portable;rolePlayingsequel;suitableKids;,210320,59.99
A-,sports;,48035,39.99
C+,action;exclusiveUS;portable;sequel;,176903,59.99
C,action;sequel;,51519,39.99
A-,action;sequel;,132875,59.99
C,action;,44343,49.99
B,rolePlayingsequel;,63344,39.99
A-,action;portable;sequel;,159482,59.99
B,action;exclusiveUS;sequel;,189573,59.99
B+,action;sequel;,122581,59.99
B-,rolePlayingsequel;,85521,59.99
C+,exclusiveUS;rolePlayingsequel;suitableKids;,138418,59.99
A,portable;rolePlayingsuitableKids;,98584,49.99
A,action;exclusiveUS;portable;sequel;,294416,59.99
C,action;sequel;,76336,59.99
C,rolePlayingsequel;,66200,59.99
B,sports;,49226,49.99
B,rolePlayingsequel;,62816,39.99
B+,sports;,65725,59.99
A,action;exclusiveUS;sequel;,166700,39.99
C,sequel;sports;,56064,59.99
B,action;suitableKids;,57537,39.99
B+,rolePlayingsequel;,105001,59.99
B-,action;sequel;,83803,49.99
A-,sequel;sports;suitableKids;,110861,59.99
A,action;sequel;suitableKids;,107790,39.99
B-,portable;sequel;sports;,73509,49.99
B+,exclusiveUS;rolePlayingsequel;,178170,59.99
B,sequel;sports;,55426,39.99
C+,rolePlayingsequel;,61499,49.99
C+,action;,52525,49.99
B,action;sequel;,111178,59.99
B,action;portable;,94232,59.99
B+,rolePlayingsequel;suitableKids;,76857,39.99
A-,rolePlaying,82671,59.99
A-,action;sequel;,135092,59.99
A,action;suitableKids;,76540,39.99
B-,action;sequel;suitableKids;,107535,59.99
B,rolePlayingsequel;,95499,59.99
B,rolePlayingsuitableKids;,74277,59.99
B,portable;rolePlayingsequel;,113712,59.99
B,portable;sequel;sports;suitableKids;,110069,59.99
A-,action;sequel;,133192,59.99
B,sequel;sports;,55531,39.99
B-,rolePlaying,60023,59.99
A-,action;portable;,76118,39.99
C+,action;exclusiveUS;sequel;suitableKids;,163916,59.99
B-,exclusiveUS;portable;rolePlaying,81608,39.99
B+,rolePlayingsequel;suitableKids;,116087,59.99
B+,action;portable;sequel;,98500,39.99
B,sequel;sports;,83146,59.99
A,portable;sports;,62182,39.99
B,exclusiveUS;rolePlayingsequel;,161699,59.99
B+,rolePlayingsequel;,105001,59.99
B,exclusiveUS;rolePlayingsequel;,159798,59.99
B+,portable;sports;,78394,59.99
B,rolePlaying,57144,49.99
A-,rolePlayingsequel;,113870,59.99
B+,action;exclusiveUS;portable;sequel;suitableKids;,272244,59.99
B,rolePlaying,56352,49.99
C+,action;sequel;,58804,39.99
C+,action;portable;sequel;,105476,59.99
B,action;exclusiveUS;sequel;,123943,39.99
B+,rolePlayingsequel;,104684,59.99
C+,action;portable;sequel;,103734,59.99
B,exclusiveUS;sequel;sports;,141744,59.99
A-,action;sequel;,111253,49.99
B+,action;sequel;suitableKids;,135409,59.99
A-,action;exclusiveUS;,163758,59.99
A-,rolePlayingsequel;,114979,59.99
B+,action;exclusiveUS;sequel;,207786,59.99
A,rolePlayingsequel;,124640,59.99
B+,rolePlayingsequel;,86442,49.99
B,portable;rolePlayingsequel;,114345,59.99
A-,portable;sequel;sports;,101487,49.99
B+,exclusiveUS;portable;sequel;sports;suitableKids;,203668,59.99
B+,action;sequel;suitableKids;,134775,59.99
A,portable;rolePlayingsequel;suitableKids;,136064,49.99
C+,portable;rolePlayingsequel;,91381,59.99
B-,action;sequel;suitableKids;,107852,59.99
A,rolePlayingsequel;suitableKids;,92271,39.99
B,action;sequel;,111178,59.99
A-,action;,95657,59.99
B+,action;exclusiveUS;suitableKids;,164075,59.99
A-,action;suitableKids;,104684,59.99
B+,action;,87738,59.99
A,action;exclusiveUS;sequel;,163533,39.99
B,rolePlayingsequel;,95816,59.99
B,action;sequel;,91853,49.99
A-,action;sequel;suitableKids;,124187,49.99
B,rolePlayingsuitableKids;,73802,59.99
B,exclusiveUS;rolePlayingsequel;,107473,39.99
C+,rolePlaying,35156,39.99
A,action;exclusiveUS;portable;suitableKids;,195584,49.99
C,exclusiveUS;sequel;sports;,95340,59.99
B+,action;sequel;,101619,49.99
B-,action;sequel;,82747,49.99
B,exclusiveUS;rolePlayingsequel;suitableKids;,118136,39.99
A-,action;sequel;,133825,59.99
A-,exclusiveUS;rolePlayingsequel;,196383,59.99
B+,action;exclusiveUS;,148396,59.99
B+,exclusiveUS;portable;rolePlayingsequel;suitableKids;,236293,59.99
A-,rolePlaying,82671,59.99
A,exclusiveUS;rolePlayingsequel;,140412,39.99
B,action;sequel;,73268,39.99
B,action;portable;suitableKids;,105476,59.99
C+,action;suitableKids;,68892,59.99
B,action;,52047,39.99
B-,action;portable;sequel;suitableKids;,128916,59.99
B+,sports;,65091,59.99
B-,action;portable;suitableKids;,94707,59.99
C,exclusiveUS;portable;rolePlayingsequel;,134459,59.99
B+,rolePlayingsequel;suitableKids;,115771,59.99
A,action;exclusiveUS;sequel;,164905,39.99
B,action;sequel;,72845,39.99
A,action;sequel;,144278,59.99
B+,rolePlayingsequel;suitableKids;,115454,59.99
A-,action;exclusiveUS;,161065,59.99
A-,action;,94865,59.99
B+,exclusiveUS;sequel;sports;,157423,59.99
A-,exclusiveUS;rolePlayingsequel;,196383,59.99
C,action;,54955,59.99
C,exclusiveUS;portable;sequel;sports;,116246,59.99
C,action;exclusiveUS;sequel;,105974,49.99
B+,rolePlaying,74752,59.99
B,rolePlayingsequel;,94232,59.99
B+,rolePlayingsequel;,70312,39.99
B-,exclusiveUS;sports;,89322,59.99
A-,action;sequel;,133825,59.99
A-,action;sequel;suitableKids;,147604,59.99
B+,action;sequel;,122897,59.99
B+,action;exclusiveUS;,149504,59.99
A-,rolePlayingsequel;,94757,49.99
B+,rolePlayingsequel;,103893,59.99
B-,portable;rolePlaying,72218,59.99
A-,sequel;sports;suitableKids;,111653,59.99
A,exclusiveUS;portable;rolePlayingsequel;,255614,59.99
B+,action;sequel;,102411,49.99
C,action;sequel;,50464,39.99
B+,portable;sequel;sports;,109752,59.99
B,action;sequel;,109911,59.99
B-,action;,70951,59.99
B-,rolePlayingsequel;,83938,59.99
B,rolePlayingsequel;,94707,59.99
B-,action;sequel;,100567,59.99
B,rolePlayingsequel;,63872,39.99
B,rolePlayingsequel;,93757,59.99
B,action;sequel;,110544,59.99
B+,sequel;sports;,60810,39.99
B+,action;exclusiveUS;sequel;suitableKids;,226949,59.99
C,action;sequel;,49830,39.99
B,action;sequel;,111495,59.99
A,portable;sequel;sports;suitableKids;,119304,49.99
A-,exclusiveUS;rolePlayingsequel;,162195,49.99
B-,exclusiveUS;rolePlaying,68833,39.99
B+,rolePlayingsequel;,105793,59.99
C,action;portable;sequel;suitableKids;,98191,59.99
B+,portable;rolePlayingsequel;,83191,39.99
C+,exclusiveUS;rolePlayingsequel;suitableKids;,139052,59.99
B-,sequel;sports;,73326,59.99
B+,exclusiveUS;rolePlayingsequel;suitableKids;,197967,59.99
A-,rolePlayingsequel;suitableKids;,83931,39.99
B+,action;sequel;,82136,39.99
A-,rolePlayingsuitableKids;,60599,39.99
B,action;portable;sequel;suitableKids;,121019,49.99
B,action;sequel;suitableKids;,80658,39.99
B+,sequel;sports;,91223,59.99
C+,rolePlayingsequel;,50780,39.99
A-,rolePlayingsuitableKids;,60176,39.99
B+,sequel;sports;,92806,59.99
B,rolePlayingsuitableKids;,49091,39.99
B,portable;rolePlayingsequel;,114979,59.99
C+,portable;rolePlayingsequel;,89481,59.99
B+,rolePlayingsuitableKids;,69286,49.99
A-,exclusiveUS;sequel;sports;suitableKids;,124048,39.99
B,action;,66778,49.99
B-,exclusiveUS;rolePlayingsequel;,97338,39.99
B+,action;portable;sequel;suitableKids;,108107,39.99
B,sequel;sports;,83146,59.99
A-,exclusiveUS;rolePlayingsequel;suitableKids;,215546,59.99
B,exclusiveUS;rolePlayingsequel;,161224,59.99
B,sequel;sports;,54792,39.99
B+,action;,86471,59.99
B,portable;rolePlayingsequel;suitableKids;,125907,59.99
A-,portable;rolePlayingsequel;suitableKids;,152830,59.99
B+,portable;sequel;sports;suitableKids;,121630,59.99
A,action;exclusiveUS;sequel;,248963,59.99
A-,action;portable;,113712,59.99
B+,action;sequel;,121630,59.99
B+,action;exclusiveUS;portable;sequel;suitableKids;,275728,59.99
A-,action;sequel;suitableKids;,123791,49.99
B-,rolePlayingsequel;,85046,59.99
B+,sequel;sports;,91223,59.99
B,action;sequel;,111178,59.99
B,action;sequel;suitableKids;,120205,59.99
A,exclusiveUS;sequel;sports;,184030,59.99
B,action;sequel;,111178,59.99
C+,action;sequel;,58593,39.99
B,action;exclusiveUS;sequel;,125315,39.99
B,action;exclusiveUS;suitableKids;,146970,59.99
B+,action;exclusiveUS;sequel;,210003,59.99
A-,exclusiveUS;sequel;sports;suitableKids;,186405,59.99
A-,action;portable;sequel;,160274,59.99
A-,action;portable;sequel;suitableKids;,177061,59.99
A-,action;,64294,39.99
B+,rolePlayingsequel;,69467,39.99
B,portable;rolePlayingsequel;suitableKids;,104259,49.99
A-,portable;rolePlayingsequel;,138893,59.99
B,action;exclusiveUS;portable;sequel;,224415,59.99
B+,action;exclusiveUS;portable;sequel;,251972,59.99
B,action;sequel;suitableKids;,122739,59.99
A-,action;exclusiveUS;portable;sequel;suitableKids;,200800,39.99
B+,action;sequel;,121947,59.99
B,action;portable;suitableKids;,103101,59.99
B+,action;portable;,70312,39.99
B,portable;rolePlayingsequel;,112762,59.99
C+,portable;sequel;sports;,78236,59.99
B+,action;exclusiveUS;sequel;,209369,59.99
B,rolePlayingsequel;,96132,59.99
B+,action;portable;sequel;,98816,39.99
B,portable;rolePlayingsequel;,113078,59.99
B-,action;sequel;suitableKids;,109911,59.99
B-,action;sequel;,97716,59.99
B+,rolePlayingsequel;,69995,39.99
B+,action;exclusiveUS;portable;sequel;,251972,59.99
B+,rolePlaying,75702,59.99
B,rolePlayingsequel;,93757,59.99
B,action;sequel;suitableKids;,81819,39.99
B,sequel;sports;,82671,59.99
B,action;sequel;suitableKids;,81819,39.99
B,action;sequel;,92117,49.99
C+,exclusiveUS;portable;rolePlaying,72740,39.99
C+,action;sequel;,87263,59.99
B+,action;sequel;suitableKids;,113497,49.99
A,sequel;sports;,109752,59.99
B,action;sequel;,111178,59.99
B,exclusiveUS;sequel;sports;,139843,59.99
C+,sequel;sports;,54769,49.99
B-,action;portable;sequel;,119096,59.99
B+,portable;rolePlayingsequel;,84036,39.99
B,sequel;sports;,70077,49.99
B+,action;sequel;suitableKids;,133033,59.99
A-,action;sequel;,134775,59.99
A-,action;portable;sequel;,160274,59.99
B+,rolePlayingsequel;suitableKids;,115771,59.99
A,exclusiveUS;sequel;sports;,154013,49.99
A,action;exclusiveUS;sequel;,207066,49.99
C,sequel;sports;,48302,49.99
A-,portable;rolePlayingsequel;,114949,49.99
B+,exclusiveUS;rolePlayingsequel;suitableKids;,197016,59.99
B,exclusiveUS;sports;suitableKids;,111970,59.99
A-,action;sequel;suitableKids;,124187,49.99
A-,exclusiveUS;sports;,80552,39.99
B+,action;exclusiveUS;portable;,119931,39.99
B+,sequel;sports;,61443,39.99
B,action;suitableKids;,86313,59.99
B+,action;sequel;,121947,59.99
A-,action;portable;sequel;,107051,39.99
A-,action;exclusiveUS;,164075,59.99
B,rolePlaying,66992,59.99
B,action;,78711,59.99
C,portable;rolePlayingsequel;suitableKids;,86947,59.99
C,exclusiveUS;sequel;sports;,94865,59.99
B,exclusiveUS;rolePlayingsequel;,163441,59.99
B,rolePlayingsequel;suitableKids;,104843,59.99
A,action;sequel;,144595,59.99
C+,action;exclusiveUS;portable;sequel;,146358,49.99
C+,rolePlayingsequel;,61895,49.99
C,exclusiveUS;portable;rolePlayingsequel;suitableKids;,144436,59.99
C+,action;sequel;,86947,59.99
B+,sequel;sports;,77204,49.99
B-,action;exclusiveUS;sequel;,167242,59.99
A-,action;sequel;suitableKids;,147604,59.99
A,portable;sequel;sports;suitableKids;,144595,59.99
C+,action;exclusiveUS;sequel;,148396,59.99
A-,action;,95657,59.99
C+,action;,63191,59.99
B+,action;exclusiveUS;sequel;suitableKids;,227424,59.99
A,action;exclusiveUS;sequel;,204427,49.99
B-,sequel;sports;,62819,49.99
B,rolePlayingsequel;,96132,59.99
C+,rolePlayingsequel;,74752,59.99
B-,exclusiveUS;rolePlayingsuitableKids;,113237,59.99
B+,action;exclusiveUS;suitableKids;,110218,39.99
C+,exclusiveUS;rolePlayingsequel;,84564,39.99
B+,exclusiveUS;rolePlaying,107030,49.99
C,sequel;sports;suitableKids;,62399,59.99
B-,action;sequel;,67039,39.99
B+,rolePlaying,75544,59.99
C,sequel;sports;,56697,59.99
B,action;portable;,95816,59.99
A,action;exclusiveUS;sequel;,250071,59.99
B,action;sequel;,112128,59.99
A-,action;suitableKids;,106110,59.99
A-,action;sequel;suitableKids;,122735,49.99
B,action;sequel;,111811,59.99
B,exclusiveUS;portable;rolePlayingsequel;,128905,39.99
A,rolePlayingsequel;,124640,59.99
A,rolePlayingsuitableKids;,98666,59.99
B,rolePlayingsequel;,63027,39.99
A,portable;rolePlayingsequel;suitableKids;,165975,59.99
B-,action;portable;sequel;,117196,59.99
B,action;exclusiveUS;sequel;,156652,49.99
B+,action;,73113,49.99
C+,action;sequel;suitableKids;,95024,59.99
B+,action;exclusiveUS;portable;sequel;,249438,59.99
B+,rolePlayingsequel;,86442,49.99
C+,exclusiveUS;sequel;sports;,109752,59.99
B,rolePlayingsequel;,96132,59.99
B,portable;rolePlayingsequel;,114028,59.99
A-,action;sequel;,134459,59.99
C+,sports;suitableKids;,42231,49.99
A-,action;,96291,59.99
A-,action;portable;,114504,59.99
B+,portable;sequel;sports;,73373,39.99
B-,action;portable;sequel;,118780,59.99
B+,rolePlayingsequel;,104526,59.99
A,action;,68939,39.99
A,action;exclusiveUS;suitableKids;,161931,49.99
B,action;suitableKids;,58593,39.99
A,action;,104209,59.99
A,rolePlayingsequel;,125431,59.99
A,exclusiveUS;portable;rolePlayingsuitableKids;,134711,39.99
B+,action;exclusiveUS;portable;,177695,59.99
A-,action;portable;sequel;,160590,59.99
B,rolePlaying,66992,59.99
B,action;,79820,59.99
A-,exclusiveUS;rolePlayingsequel;,163383,49.99
A-,action;sequel;suitableKids;,122999,49.99
B+,rolePlayingsequel;suitableKids;,116087,59.99
B+,action;,87263,59.99
B-,sequel;sports;,74435,59.99
B,exclusiveUS;portable;rolePlayingsequel;,195116,59.99
B-,action;sequel;,81691,49.99
B+,rolePlayingsequel;,104209,59.99
B,exclusiveUS;rolePlayingsuitableKids;,104919,49.99
B,rolePlayingsequel;,95340,59.99
C,exclusiveUS;rolePlayingsequel;,73268,39.99
B-,rolePlaying,60498,59.99
C+,exclusiveUS;rolePlayingsequel;,126382,59.99
A,portable;rolePlaying,107060,59.99
A,portable;sequel;sports;,109538,49.99
B+,rolePlayingsequel;,104526,59.99
B+,action;sequel;,101091,49.99
A-,rolePlayingsequel;,114504,59.99
B+,action;sequel;,120997,59.99
A-,action;exclusiveUS;sequel;,188854,49.99
B-,action;,71268,59.99
B,action;exclusiveUS;sequel;,127110,39.99
C,action;sequel;suitableKids;,83938,59.99
C+,rolePlayingsequel;,76177,59.99
B+,action;portable;sequel;,147762,59.99
B+,action;exclusiveUS;sequel;,137879,39.99
B,action;suitableKids;,86630,59.99
C,exclusiveUS;portable;rolePlayingsequel;,134459,59.99
B+,action;sequel;,120997,59.99
B,action;,80137,59.99
A-,portable;rolePlayingsequel;,137943,59.99
C,rolePlayingsequel;suitableKids;,70476,59.99
A-,action;sequel;,133192,59.99
B-,portable;rolePlaying,73326,59.99
A,action;suitableKids;,115295,59.99
B+,portable;sports;,79503,59.99
C,sports;,41177,59.99
B,action;suitableKids;,86630,59.99
C,action;exclusiveUS;,92331,59.99
B,rolePlayingsequel;suitableKids;,104526,59.99
B-,rolePlayingsequel;,86155,59.99
C,action;exclusiveUS;,60493,39.99
A-,rolePlaying,81879,59.99
B,action;sequel;,110544,59.99
A-,exclusiveUS;rolePlayingsequel;,162591,49.99
B+,portable;rolePlayingsequel;,126065,59.99
B,exclusiveUS;rolePlaying,76329,39.99
B,action;sequel;suitableKids;,81080,39.99
B+,sequel;sports;,92331,59.99
A,action;portable;sequel;suitableKids;,128588,39.99
B+,action;sequel;,120997,59.99
A-,action;portable;sequel;,159165,59.99
B,action;sequel;,112128,59.99
C,action;sequel;suitableKids;,83938,59.99
B,exclusiveUS;rolePlayingsequel;,159798,59.99
A-,action;sequel;,111517,49.99
A,rolePlayingsequel;suitableKids;,136042,59.99
C+,action;portable;sequel;,106585,59.99
B,action;exclusiveUS;sequel;,185930,59.99
A,action;sequel;,145228,59.99
B+,portable;rolePlaying,89322,59.99
A,exclusiveUS;rolePlayingsequel;,210636,59.99
B,action;,80137,59.99
C+,action;exclusiveUS;portable;sequel;suitableKids;,162723,49.99
C,rolePlayingsequel;,65566,59.99
B+,action;,86788,59.99
B+,rolePlayingsequel;,105318,59.99
B+,action;sequel;,121314,59.99
B+,exclusiveUS;portable;sequel;sports;,185138,59.99
A-,rolePlayingsuitableKids;,90906,59.99
C+,action;portable;sequel;suitableKids;,116087,59.99
B+,exclusiveUS;sequel;sports;,131577,49.99
A-,exclusiveUS;portable;rolePlayingsequel;,236293,59.99
C+,exclusiveUS;rolePlayingsequel;suitableKids;,140002,59.99
C,action;exclusiveUS;sequel;suitableKids;,116532,49.99
A-,action;,96766,59.99
A-,action;sequel;suitableKids;,146653,59.99
B-,sequel;sports;suitableKids;,82195,59.99
B+,action;exclusiveUS;sequel;,137140,39.99
B+,rolePlayingsequel;,69784,39.99
B+,exclusiveUS;sequel;sports;,104412,39.99
B+,rolePlaying,50253,39.99
A-,action;sequel;suitableKids;,147920,59.99
A-,rolePlayingsequel;,114979,59.99
A-,portable;rolePlayingsequel;,136993,59.99
A-,sports;,72059,59.99
B,action;sequel;,92909,49.99
B+,portable;rolePlayingsequel;,104523,49.99
B,action;sequel;,109594,59.99
C+,sequel;sports;suitableKids;,60179,49.99
B-,action;exclusiveUS;,120522,59.99
B+,action;sequel;,82347,39.99
B,action;sequel;,74323,39.99
A-,action;sequel;,133508,59.99
B-,exclusiveUS;portable;rolePlayingsequel;,174210,59.99
C,exclusiveUS;portable;rolePlaying,78128,49.99
B,action;,66778,49.99
B,action;portable;,95816,59.99
B,rolePlaying,45502,39.99
B-,exclusiveUS;portable;sports;,108169,59.99
B+,action;sequel;,102939,49.99
B+,rolePlayingsequel;suitableKids;,76646,39.99
B,rolePlayingsequel;,79448,49.99
C+,exclusiveUS;portable;rolePlayingsequel;suitableKids;,111591,39.99
A-,rolePlayingsequel;,116087,59.99
B+,sequel;sports;suitableKids;,85122,49.99
C+,rolePlaying,53688,59.99
B+,action;sequel;,122264,59.99
A,action;portable;sequel;,115919,39.99
A-,action;exclusiveUS;portable;sequel;,271293,59.99
B,exclusiveUS;rolePlaying,116087,59.99
B,portable;rolePlayingsequel;suitableKids;,126540,59.99
B+,action;,73245,49.99
A,action;exclusiveUS;,117820,39.99
C,exclusiveUS;rolePlayingsequel;suitableKids;,123373,59.99
C,action;exclusiveUS;sequel;suitableKids;,143328,59.99
C,action;portable;,64299,59.99
C+,portable;rolePlayingsequel;,89797,59.99
B+,sports;,65883,59.99
C,action;,45266,49.99
A-,sequel;sports;,82879,49.99
C,action;sequel;suitableKids;,69418,49.99
A,portable;rolePlayingsequel;,99767,39.99
B,action;exclusiveUS;portable;sequel;suitableKids;,248963,59.99
A,exclusiveUS;rolePlayingsequel;suitableKids;,195188,49.99
A-,action;sequel;,133508,59.99
A-,exclusiveUS;sequel;sports;,170251,59.99
C,rolePlayingsequel;suitableKids;,47930,39.99
B-,action;sequel;suitableKids;,107852,59.99
B+,exclusiveUS;rolePlayingsequel;,118136,39.99
B,rolePlayingsequel;,95024,59.99
C+,rolePlayingsequel;,50780,39.99
C+,exclusiveUS;portable;sports;,63555,39.99
B+,rolePlayingsequel;,105318,59.99
B+,exclusiveUS;rolePlayingsequel;,118770,39.99
B-,exclusiveUS;rolePlayingsequel;,95860,39.99
B,exclusiveUS;rolePlayingsequel;suitableKids;,146886,49.99
A-,portable;sequel;sports;,79708,39.99
B,rolePlayingsequel;,93915,59.99
B+,action;sequel;,101091,49.99
A-,sequel;sports;,67039,39.99
B+,action;portable;,87234,49.99
B-,action;sequel;,98983,59.99
B,sequel;sports;,55320,39.99
C+,action;sequel;,86630,59.99
B,exclusiveUS;rolePlaying,116721,59.99
B-,action;sequel;,100250,59.99
C+,sports;,47353,59.99
B,exclusiveUS;sports;,101517,59.99
C,action;,36422,39.99
B,rolePlayingsequel;,63344,39.99
B+,rolePlayingsequel;suitableKids;,116721,59.99
B+,exclusiveUS;portable;sequel;sports;,186564,59.99
B+,action;exclusiveUS;,148871,59.99
C,portable;rolePlayingsequel;,76494,59.99
B,action;sequel;suitableKids;,100563,49.99
B,rolePlayingsuitableKids;,61895,49.99
C,exclusiveUS;sports;suitableKids;,50780,39.99
A-,action;exclusiveUS;sequel;,229800,59.99
A-,sequel;sports;,99616,59.99
C,action;exclusiveUS;sequel;,127649,59.99
C+,rolePlayingsequel;,75860,59.99
A-,action;sequel;,132875,59.99
A-,action;exclusiveUS;portable;sequel;suitableKids;,251541,49.99
B+,sequel;sports;suitableKids;,84067,49.99
B+,exclusiveUS;sequel;sports;suitableKids;,169776,59.99
B,rolePlayingsequel;,63872,39.99
A-,action;sequel;suitableKids;,147604,59.99
B-,rolePlayingsequel;,56481,39.99
A,sequel;sports;,73056,39.99
B+,sequel;sports;suitableKids;,84463,49.99
C+,rolePlayingsequel;,50253,39.99
C+,sequel;sports;,65883,59.99
A-,action;sequel;,88787,39.99
B,sequel;sports;,69286,49.99
A-,sequel;sports;,83011,49.99
A,sequel;sports;,109752,59.99
C+,exclusiveUS;rolePlayingsequel;,104919,49.99
A,action;,103893,59.99
B,exclusiveUS;sequel;sports;,95332,39.99
B+,sequel;sports;,61549,39.99
B,action;sequel;,73268,39.99
A-,action;exclusiveUS;,134481,49.99
A-,action;sequel;,133192,59.99
B+,action;sequel;suitableKids;,112573,49.99
B+,action;sequel;,122581,59.99
A,action;sequel;,145228,59.99
B,exclusiveUS;rolePlayingsequel;,162016,59.99
B,action;,52364,39.99
B+,action;sequel;suitableKids;,135092,59.99
B-,rolePlayingsequel;suitableKids;,94232,59.99
B-,exclusiveUS;rolePlayingsequel;suitableKids;,160590,59.99
B,exclusiveUS;sequel;sports;,140635,59.99
B+,portable;sequel;sports;,110861,59.99
B+,exclusiveUS;rolePlayingsuitableKids;,139210,59.99
A-,action;sequel;,135409,59.99
B+,sequel;sports;,76940,49.99
A,rolePlayingsequel;,123848,59.99
B,action;sequel;,72845,39.99
B-,exclusiveUS;portable;rolePlayingsequel;,142399,49.99
B-,sequel;sports;,75385,59.99
B+,action;portable;sequel;,145545,59.99
B+,action;portable;sequel;,97022,39.99
B+,rolePlayingsequel;,104684,59.99
A-,action;sequel;,135092,59.99
C+,action;sequel;suitableKids;,97399,59.99
C,rolePlaying,39328,49.99
B,portable;sports;suitableKids;,78236,59.99
B+,action;sequel;,122897,59.99
C+,rolePlayingsequel;suitableKids;,81087,59.99
A-,action;exclusiveUS;sequel;,150653,39.99
B,action;portable;suitableKids;,104209,59.99
B-,rolePlayingsequel;,84729,59.99
B-,action;exclusiveUS;sequel;suitableKids;,187355,59.99
B+,exclusiveUS;rolePlayingsequel;,179437,59.99
A-,action;sequel;,134459,59.99
B+,portable;rolePlayingsequel;,124481,59.99
B+,rolePlayingsequel;suitableKids;,115295,59.99
A-,portable;rolePlayingsequel;,90898,39.99
B+,portable;rolePlayingsequel;,106106,49.99
B+,action;sequel;,123848,59.99
B,rolePlayingsequel;,94707,59.99
A,sports;,77286,59.99
B+,rolePlayingsequel;,105793,59.99
C,exclusiveUS;rolePlayingsuitableKids;,86313,59.99
A-,exclusiveUS;rolePlayingsequel;,196383,59.99
B,action;exclusiveUS;suitableKids;,97972,39.99
B-,action;sequel;suitableKids;,89874,49.99
B,action;exclusiveUS;portable;sequel;suitableKids;,247537,59.99
C+,rolePlayingsequel;,73960,59.99
B,sequel;sports;,82671,59.99
B+,action;exclusiveUS;sequel;,137456,39.99
C,action;portable;sequel;,89639,59.99
B,action;portable;suitableKids;,103734,59.99
B+,action;suitableKids;,96766,59.99
B,action;exclusiveUS;portable;sequel;,223148,59.99
B+,action;exclusiveUS;,149979,59.99
C+,exclusiveUS;rolePlayingsequel;suitableKids;,138418,59.99
A,action;sequel;,96810,39.99
B+,action;sequel;,122264,59.99
B,exclusiveUS;sports;,101834,59.99
B+,portable;rolePlayingsequel;,126065,59.99
A-,exclusiveUS;portable;sequel;sports;,138090,39.99
B+,sequel;sports;,92173,59.99
B,portable;sequel;sports;suitableKids;,109436,59.99
B,rolePlaying,45607,39.99
A,action;sequel;,97444,39.99
C+,action;portable;sequel;,105476,59.99
B-,rolePlayingsequel;,85838,59.99
B,exclusiveUS;rolePlayingsequel;,107157,39.99
C+,exclusiveUS;rolePlayingsequel;suitableKids;,141427,59.99
B+,portable;rolePlaying,89481,59.99
B,action;portable;sequel;suitableKids;,146337,59.99
B,portable;sequel;sports;suitableKids;,108485,59.99
B-,action;exclusiveUS;sequel;,139760,49.99
B,action;sequel;suitableKids;,82241,39.99
B-,action;,70001,59.99
A-,action;portable;suitableKids;,105182,49.99
C+,rolePlayingsequel;,75069,59.99
B,action;exclusiveUS;sequel;,189098,59.99
B+,action;sequel;,82347,39.99
A-,exclusiveUS;rolePlayingsequel;,196858,59.99
A,rolePlayingsequel;,82558,39.99
B,rolePlaying,68575,59.99
A,exclusiveUS;sequel;sports;,124787,39.99
C+,rolePlayingsequel;suitableKids;,68098,49.99
A,exclusiveUS;portable;sequel;sports;suitableKids;,162900,39.99
A,exclusiveUS;rolePlayingsequel;suitableKids;,234234,59.99
C,rolePlayingsequel;,42862,39.99
B,rolePlayingsequel;,62816,39.99
C+,action;exclusiveUS;,106427,59.99
B,portable;sports;,58992,49.99
B,exclusiveUS;sequel;sports;,95332,39.99
B-,action;portable;sequel;,80130,39.99
C,rolePlaying,46561,59.99
A,action;exclusiveUS;portable;sequel;,246394,49.99
B,action;sequel;suitableKids;,81502,39.99
A-,sequel;sports;,101359,59.99
C+,rolePlaying,54005,59.99
A,action;exclusiveUS;portable;suitableKids;,232809,59.99
C+,action;sequel;,87897,59.99
B+,action;sequel;,82347,39.99
C+,portable;sequel;sports;,65194,49.99
B+,action;sequel;,120997,59.99
B-,action;portable;sequel;suitableKids;,131925,59.99
C,rolePlayingsequel;suitableKids;,70159,59.99
B-,action;exclusiveUS;portable;sequel;,202559,59.99
A-,action;exclusiveUS;sequel;,228216,59.99
B+,action;,72321,49.99
A-,action;exclusiveUS;portable;sequel;,270660,59.99
A-,rolePlayingsequel;,114504,59.99
B,sports;,60023,59.99
C+,rolePlayingsequel;suitableKids;,82037,59.99
A-,action;portable;sequel;,135140,49.99
A-,action;exclusiveUS;sequel;,191493,49.99
B+,action;sequel;,123848,59.99
B,exclusiveUS;portable;rolePlayingsequel;,129644,39.99
B+,portable;rolePlayingsequel;,124798,59.99
B+,action;sequel;,100827,49.99
B,rolePlayingsequel;suitableKids;,105793,59.99
B,action;exclusiveUS;sequel;suitableKids;,206835,59.99
C+,rolePlayingsequel;,62555,49.99
B,action;sequel;,74323,39.99
B-,exclusiveUS;portable;sequel;sports;,153780,59.99
B+,action;exclusiveUS;portable;sequel;suitableKids;,272244,59.99
B+,rolePlayingsequel;suitableKids;,116404,59.99
B-,action;portable;,55848,39.99
A,action;sequel;,144278,59.99
A-,portable;sequel;sports;,119888,59.99
B+,sequel;sports;,77204,49.99
A-,portable;sequel;sports;,119572,59.99
B,rolePlayingsequel;suitableKids;,86838,49.99
B,action;exclusiveUS;portable;sequel;,225048,59.99
B-,action;portable;sequel;suitableKids;,87942,39.99
C+,action;sequel;,87263,59.99
C+,action;sequel;,57748,39.99
B,exclusiveUS;rolePlayingsequel;suitableKids;,146886,49.99
C+,rolePlayingsequel;,74277,59.99
A-,action;sequel;,89843,39.99
C,sequel;sports;,56539,59.99
A,action;sequel;,96388,39.99
B,action;sequel;,92381,49.99
A,exclusiveUS;portable;sequel;sports;,149386,39.99
A,sequel;sports;suitableKids;,79285,39.99
B,exclusiveUS;sequel;sports;suitableKids;,128938,49.99
B,exclusiveUS;rolePlayingsequel;,133953,49.99
B+,action;portable;,70206,39.99
B,sequel;sports;suitableKids;,61654,39.99
B+,portable;rolePlaying,90906,59.99
A-,rolePlayingsequel;suitableKids;,127332,59.99
B+,exclusiveUS;rolePlaying,127174,59.99
C+,action;sequel;,86947,59.99
B+,action;suitableKids;,96449,59.99
B+,action;sequel;,103203,49.99
A,portable;rolePlayingsuitableKids;,117829,59.99
B+,action;sequel;,121630,59.99
C,action;exclusiveUS;,91856,59.99
C+,action;,61924,59.99
A-,action;sequel;suitableKids;,146653,59.99
B+,portable;rolePlayingsuitableKids;,99300,59.99
C+,action;sequel;,58593,39.99
B,action;sequel;,112128,59.99
B,sports;,39484,39.99
A,action;exclusiveUS;sequel;,245795,59.99
C+,action;exclusiveUS;sequel;,150613,59.99
B,action;portable;sequel;,88681,39.99
A-,rolePlayingsequel;suitableKids;,125590,59.99
B,action;portable;sequel;,131291,59.99
C+,exclusiveUS;sports;,78711,59.99
B,exclusiveUS;rolePlayingsequel;,132765,49.99
A-,action;exclusiveUS;sequel;,151075,39.99
A-,action;,96291,59.99
A-,rolePlayingsequel;,116087,59.99
B,sequel;sports;,83779,59.99
C,action;sequel;,75385,59.99
A-,action;portable;sequel;suitableKids;,148998,49.99
A-,portable;sequel;sports;,120680,59.99
B,rolePlaying,68259,59.99
A-,action;sequel;,134775,59.99
B,exclusiveUS;rolePlayingsequel;suitableKids;,175319,59.99
B+,rolePlaying,74593,59.99
A-,rolePlayingsequel;,114187,59.99
B+,exclusiveUS;rolePlayingsequel;suitableKids;,198442,59.99
B+,sequel;sports;,91856,59.99
B+,exclusiveUS;rolePlayingsequel;,149526,49.99
A-,sequel;sports;,101042,59.99
B+,sequel;sports;,92648,59.99
B,action;,78078,59.99
B,rolePlayingsequel;,95499,59.99
B+,action;exclusiveUS;sequel;,139251,39.99
C+,action;portable;,50569,39.99
A-,action;portable;sequel;suitableKids;,175477,59.99
B+,action;portable;sequel;,146337,59.99
B+,action;sequel;,80869,39.99
A,sequel;sports;suitableKids;,100827,49.99
B+,exclusiveUS;sequel;sports;,102828,39.99
B,action;portable;sequel;suitableKids;,145228,59.99
B,rolePlayingsequel;,96132,59.99
C+,sequel;sports;,55164,49.99
B+,action;exclusiveUS;sequel;,138934,39.99
C+,action;sequel;,88214,59.99
A-,portable;rolePlayingsequel;suitableKids;,151405,59.99
C,action;sequel;,50675,39.99
B+,action;sequel;,122897,59.99
B+,action;portable;sequel;,145228,59.99
B-,action;exclusiveUS;sequel;suitableKids;,153749,49.99
A-,action;sequel;,90054,39.99
C,action;portable;sequel;,92648,59.99
B,rolePlayingsequel;,95340,59.99
B,sequel;sports;,82671,59.99
B+,sports;,65725,59.99
B+,exclusiveUS;rolePlayingsequel;,147678,49.99
B+,rolePlayingsuitableKids;,82037,59.99
A-,action;sequel;,133192,59.99
B-,exclusiveUS;sports;suitableKids;,99141,59.99
B+,action;portable;sequel;,147445,59.99
B+,action;exclusiveUS;sequel;,206835,59.99
C+,action;sequel;,57537,39.99
B+,action;exclusiveUS;,148079,59.99
A-,portable;sequel;sports;suitableKids;,88787,39.99
A-,action;exclusiveUS;sequel;,229166,59.99
B+,portable;rolePlayingsequel;suitableKids;,139685,59.99
A-,action;sequel;,134459,59.99
B,rolePlaying,56088,49.99
B-,exclusiveUS;rolePlayingsequel;,144595,59.99
B+,action;portable;sequel;suitableKids;,106523,39.99
B+,rolePlayingsequel;,105793,59.99
A-,action;sequel;,89843,39.99
B-,action;sequel;,99300,59.99
C,portable;rolePlayingsequel;,76494,59.99
A-,action;sequel;,133508,59.99
C+,portable;rolePlaying,63191,59.99
B-,portable;sports;,63507,59.99
A-,action;exclusiveUS;suitableKids;,120565,39.99
C+,exclusiveUS;sequel;sports;suitableKids;,124164,59.99
B+,rolePlayingsequel;suitableKids;,116721,59.99
B+,portable;sequel;sports;suitableKids;,101355,49.99
A,sports;suitableKids;,86155,59.99
B+,action;portable;,104684,59.99
B-,action;,71584,59.99
A-,action;portable;sequel;suitableKids;,175953,59.99
C+,action;suitableKids;,57144,49.99
B+,action;,87580,59.99
A-,rolePlayingsequel;suitableKids;,127015,59.99
C,sequel;sports;suitableKids;,63666,59.99
B+,sports;,43918,39.99
C,action;sequel;suitableKids;,69418,49.99
B+,sequel;sports;,91856,59.99
A,action;sequel;suitableKids;,161065,59.99
B,exclusiveUS;rolePlaying,114820,59.99
B+,exclusiveUS;sequel;sports;,154731,59.99
B,action;sequel;,111178,59.99
B,action;portable;sequel;,88998,39.99
C+,rolePlayingsequel;,62951,49.99
C,portable;rolePlaying,36739,39.99
B,action;sequel;,74323,39.99
A,rolePlayingsequel;,125748,59.99
A-,exclusiveUS;rolePlayingsequel;,193690,59.99
B-,exclusiveUS;rolePlayingsequel;,146495,59.99
B+,portable;sequel;sports;,110544,59.99
B+,sequel;sports;,91223,59.99
A-,action;exclusiveUS;sequel;suitableKids;,252764,59.99
B-,sequel;sports;suitableKids;,81879,59.99
A,action;sequel;,144278,59.99
B+,rolePlayingsuitableKids;,54475,39.99
B+,sequel;sports;,92173,59.99
B+,sequel;sports;,92648,59.99
C,exclusiveUS;portable;rolePlayingsuitableKids;,69573,39.99
B+,action;,58065,39.99
B,rolePlayingsequel;,64083,39.99
B,action;sequel;,109277,59.99
B,sports;suitableKids;,65725,59.99
A-,action;exclusiveUS;suitableKids;,178803,59.99
B+,rolePlayingsequel;,105476,59.99
A-,action;exclusiveUS;sequel;,188854,49.99
B+,portable;rolePlayingsequel;,83191,39.99
C+,action;sequel;suitableKids;,94707,59.99
B,action;exclusiveUS;,133192,59.99
A,action;sequel;,96810,39.99
B+,portable;rolePlaying,59860,39.99
A,action;sequel;suitableKids;,160432,59.99
A-,rolePlayingsequel;,116087,59.99
A,exclusiveUS;rolePlayingsequel;,210636,59.99
C+,action;sequel;,73773,49.99
B-,action;exclusiveUS;sequel;,170885,59.99
B,exclusiveUS;portable;sequel;sports;,168351,59.99
C,action;sequel;suitableKids;,69418,49.99
A-,action;exclusiveUS;sequel;,228691,59.99
B,action;portable;sequel;,134142,59.99
B,exclusiveUS;rolePlayingsequel;,134349,49.99
A,exclusiveUS;sequel;sports;,185613,59.99
A-,action;exclusiveUS;sequel;,151392,39.99
B+,action;sequel;,120997,59.99
C,portable;rolePlayingsequel;,66118,49.99
C+,action;sequel;,87580,59.99
B-,action;sequel;,100250,59.99
B+,action;exclusiveUS;sequel;suitableKids;,190569,49.99
B,portable;rolePlayingsequel;,94757,49.99
C,rolePlayingsequel;suitableKids;,71901,59.99
A-,rolePlaying,81562,59.99
A-,action;portable;sequel;,159957,59.99
B,exclusiveUS;rolePlayingsuitableKids;,127015,59.99
B+,sequel;sports;suitableKids;,84595,49.99
B-,sequel;sports;,48986,39.99
A,sequel;sports;,91721,49.99
B,action;exclusiveUS;,112177,49.99
B-,action;exclusiveUS;,120839,59.99
B-,exclusiveUS;portable;sequel;sports;suitableKids;,111063,39.99
B,action;exclusiveUS;sequel;,190206,59.99
A-,rolePlaying,81562,59.99
B+,rolePlayingsequel;,87762,49.99
B-,exclusiveUS;portable;rolePlayingsequel;,173102,59.99
B+,exclusiveUS;sports;,93965,49.99
B,exclusiveUS;portable;rolePlayingsequel;suitableKids;,214596,59.99
B-,portable;rolePlaying,72851,59.99
B,action;sequel;suitableKids;,123373,59.99
B,rolePlayingsequel;,95499,59.99
B-,action;sequel;,98983,59.99
B,action;sequel;,92117,49.99
A-,rolePlayingsequel;,115771,59.99
A,action;exclusiveUS;sequel;,246429,59.99
B+,sports;suitableKids;,71743,59.99
B,action;,79820,59.99
B,action;suitableKids;,58276,39.99
A-,action;sequel;suitableKids;,146970,59.99
B,rolePlayingsequel;suitableKids;,104843,59.99
B+,portable;rolePlaying,89481,59.99
A-,exclusiveUS;rolePlayingsequel;,196383,59.99
B,rolePlaying,45079,39.99
B-,action;sequel;suitableKids;,89874,49.99
B,exclusiveUS;portable;rolePlayingsequel;,192265,59.99
C,exclusiveUS;rolePlayingsequel;,111178,59.99
B,action;exclusiveUS;portable;sequel;suitableKids;,246904,59.99
B+,action;sequel;suitableKids;,136201,59.99
B+,rolePlayingsequel;,103734,59.99
B,sequel;sports;,55320,39.99
C+,action;exclusiveUS;,106427,59.99
B,action;exclusiveUS;sequel;,189573,59.99
C+,exclusiveUS;portable;rolePlayingsequel;,152672,59.99
B,action;portable;sequel;,131608,59.99
A-,sequel;sports;,83275,49.99
B+,action;portable;sequel;,97233,39.99
B+,action;portable;sequel;suitableKids;,162966,59.99
B,rolePlayingsuitableKids;,75227,59.99
A-,portable;rolePlaying,98825,59.99
B+,action;portable;sequel;suitableKids;,160115,59.99
B,sequel;sports;suitableKids;,75092,49.99
B,action;sequel;suitableKids;,101883,49.99
C,exclusiveUS;rolePlayingsequel;,91193,49.99
B,action;portable;sequel;suitableKids;,146812,59.99
B-,portable;rolePlayingsequel;suitableKids;,111970,59.99
B,action;sequel;,110544,59.99
A-,action;,95182,59.99
C,portable;rolePlayingsequel;,79028,59.99
B+,action;exclusiveUS;sequel;,210478,59.99
B+,exclusiveUS;rolePlayingsequel;suitableKids;,129961,39.99
B+,sports;,66200,59.99
B,action;sequel;,110861,59.99
B,action;exclusiveUS;sequel;,126054,39.99
B+,rolePlayingsuitableKids;,81720,59.99
B,action;exclusiveUS;portable;sequel;,228216,59.99
B+,rolePlayingsequel;,105793,59.99
B,exclusiveUS;sequel;sports;,143011,59.99
B+,rolePlayingsequel;suitableKids;,115771,59.99
B+,action;exclusiveUS;sequel;,171829,49.99
B+,action;portable;sequel;,145862,59.99
B-,portable;sequel;sports;,73905,49.99
C+,action;sequel;suitableKids;,97083,59.99
C+,action;sequel;,72717,49.99
A-,exclusiveUS;portable;rolePlayingsequel;,232967,59.99
A-,action;sequel;,111517,49.99
B+,rolePlayingsequel;,106110,59.99
A-,action;exclusiveUS;sequel;suitableKids;,248646,59.99
B+,sequel;sports;,92331,59.99
B+,action;exclusiveUS;sequel;suitableKids;,192945,49.99
B+,portable;sequel;sports;,109436,59.99
B,exclusiveUS;rolePlaying,116087,59.99
B+,portable;rolePlaying,89322,59.99
B+,action;portable;sequel;,148237,59.99
B-,action;suitableKids;,77919,59.99
A,action;sequel;,121547,49.99
C,action;portable;sequel;,91223,59.99
C+,action;suitableKids;,45185,39.99
B,rolePlayingsequel;suitableKids;,103101,59.99
C,portable;sequel;sports;,68417,59.99
C+,action;exclusiveUS;sequel;,146812,59.99
A-,exclusiveUS;portable;sequel;sports;suitableKids;,188194,49.99
B-,exclusiveUS;sequel;sports;suitableKids;,136993,59.99
B,action;suitableKids;,86155,59.99
B+,action;portable;sequel;,97233,39.99
A-,action;sequel;,110725,49.99
B,action;sequel;,110228,59.99
B-,action;exclusiveUS;sequel;suitableKids;,185138,59.99
B,action;exclusiveUS;sequel;suitableKids;,208578,59.99
A,portable;rolePlayingsequel;,149663,59.99
A,portable;sports;suitableKids;,68728,39.99
B+,exclusiveUS;portable;rolePlayingsequel;,142524,39.99
B,action;sequel;,111811,59.99
A-,rolePlayingsequel;,95416,49.99
C,action;,36211,39.99
C+,portable;sequel;sports;suitableKids;,56798,39.99
C,action;sequel;,49619,39.99
A-,action;sequel;suitableKids;,123263,49.99
B-,exclusiveUS;rolePlayingsequel;,146020,59.99
C+,exclusiveUS;sports;,53525,39.99
B,action;exclusiveUS;sequel;suitableKids;,205093,59.99
B,rolePlayingsequel;,95340,59.99
A-,portable;rolePlayingsequel;suitableKids;,100928,39.99
B,action;sequel;,110544,59.99
B,action;portable;sequel;,133508,59.99
B+,action;exclusiveUS;sequel;,206835,59.99
B+,action;suitableKids;,63872,39.99
C+,action;exclusiveUS;sequel;,151088,59.99
A-,action;sequel;,89420,39.99
A,sequel;sports;,109752,59.99
B-,exclusiveUS;portable;rolePlayingsuitableKids;,135567,59.99
B-,action;sequel;suitableKids;,110228,59.99
C,action;sequel;,75702,59.99
C+,action;sequel;suitableKids;,97399,59.99
B+,action;,72189,49.99
B,portable;rolePlayingsequel;,113395,59.99
C+,exclusiveUS;rolePlaying,76280,49.99
C+,portable;rolePlayingsequel;suitableKids;,82879,49.99
B+,action;portable;sequel;suitableKids;,160590,59.99
B,portable;rolePlayingsuitableKids;,88530,59.99
B,rolePlayingsuitableKids;,49302,39.99
B+,rolePlayingsequel;,105476,59.99
B,rolePlayingsequel;,94232,59.99
B,action;sequel;suitableKids;,120680,59.99
B+,rolePlaying,74435,59.99
A-,rolePlayingsequel;,76435,39.99
B-,sports;suitableKids;,58123,59.99
A-,exclusiveUS;sequel;sports;,171043,59.99
B,exclusiveUS;sequel;sports;,140160,59.99
B-,rolePlayingsequel;,84729,59.99
C,rolePlayingsequel;,42546,39.99
B+,action;suitableKids;,95974,59.99
C,action;sequel;,76019,59.99
B+,rolePlaying,75069,59.99
A-,action;,79448,49.99
B+,sequel;sports;,61549,39.99
B-,exclusiveUS;rolePlayingsequel;,95544,39.99
C+,portable;rolePlayingsuitableKids;,69842,59.99
A-,action;,95816,59.99
B+,action;sequel;,121947,59.99
A,action;exclusiveUS;portable;,142313,39.99
C,action;exclusiveUS;,61549,39.99
B,action;portable;,80107,49.99
